Criterion,Weight,Weight (%)
Inflight wifi service,0.3184927858723787,31.849278587237873
On-board service,0.31849278587237845,31.849278587237844
Ease of Online booking,0.12914249718724752,12.914249718724752
Departure/Arrival time convenient,0.12914249718724746,12.914249718724747
Gate location,0.05236471694037391,5.236471694037391
Baggage handling,0.05236471694037391,5.236471694037391
