Criterion,Weight,Weight (%)
Seat comfort,0.22727272727272732,22.727272727272734
Cleanliness,0.2272727272727273,22.72727272727273
Inflight service,0.2272727272727273,22.72727272727273
Leg room service,0.22727272727272727,22.727272727272727
Food and drink,0.04545454545454546,4.545454545454546
Inflight entertainment,0.04545454545454546,4.545454545454546
